--
-- PostgreSQL database dump
--

-- Dumped from database version 16.9 (Ubuntu 16.9-0ubuntu0.24.04.1)
-- Dumped by pg_dump version 16.9 (Ubuntu 16.9-0ubuntu0.24.04.1)

SET statement_timeout = 0;
SET lock_timeout = 0;
SET idle_in_transaction_session_timeout = 0;
SET client_encoding = 'UTF8';
SET standard_conforming_strings = on;
SELECT pg_catalog.set_config('search_path', '', false);
SET check_function_bodies = false;
SET xmloption = content;
SET client_min_messages = warning;
SET row_security = off;

--
-- Data for Name: branches; Type: TABLE DATA; Schema: public; Owner: postgres
--

COPY public.branches (id, name) FROM stdin;
316eed6f-6c55-40b4-9932-00dfeb33c629	Samarqand filial
c0228faa-2ac8-43b4-b481-2f0507599d91	Chorsu filial
5d13aeb2-b396-4c02-b55f-0eb51fff8e60	Toshkent filial
8e2b16d2-82f5-4e59-918c-7e8d1aa43d10	Buxoro filial
a82b8394-f301-4f9f-872a-66aa3a62a5f2	Andijon filial
\.


--
-- Data for Name: ingredients; Type: TABLE DATA; Schema: public; Owner: postgres
--

COPY public.ingredients (id, name, unit, cost_price) FROM stdin;
11111111-1111-1111-1111-111111111111	Un	kg	8000.00
22222222-2222-2222-2222-222222222222	Pishloq	kg	45000.00
33333333-3333-3333-3333-333333333333	Pomidor	kg	12000.00
44444444-4444-4444-4444-444444444444	Sosiska	kg	40000.00
55555555-5555-5555-5555-555555555555	Non	dona	3000.00
66666666-6666-6666-6666-666666666666	Go‘sht	kg	60000.00
77777777-7777-7777-7777-777777777777	Piyoz	kg	8000.00
88888888-8888-8888-8888-888888888888	Sabzi	kg	6000.00
99999999-9999-9999-9999-999999999999	Kartoshka	kg	5000.00
aaaaaaaa-aaaa-aaaa-aaaa-aaaaaaaaaaaa	Yog‘	litr	18000.00
bbbbbbbb-bbbb-bbbb-bbbb-bbbbbbbb0001	Bodring	kg	8000.00
bbbbbbbb-bbbb-bbbb-bbbb-bbbbbbbb0002	Choy bargi	kg	100000.00
bbbbbbbb-bbbb-bbbb-bbbb-bbbbbbbb0003	Shakar	kg	12000.00
bbbbbbbb-bbbb-bbbb-bbbb-bbbbbbbb0004	Pepsi siropi	litr	25000.00
bbbbbbbb-bbbb-bbbb-bbbb-bbbbbbbb0005	Fanta siropi	litr	25000.00
bbbbbbbb-bbbb-bbbb-bbbb-bbbbbbbb0006	Nonvoy noni	dona	3000.00
bbbbbbbb-bbbb-bbbb-bbbb-bbbbbbbb0007	Qaymoq	litr	40000.00
bbbbbbbb-bbbb-bbbb-bbbb-bbbbbbbb0008	Tovuq go‘shti	kg	50000.00
bbbbbbbb-bbbb-bbbb-bbbb-bbbbbbbb0009	Suv gazsiz	litr	3000.00
bbbbbbbb-bbbb-bbbb-bbbb-bbbbbbbb0010	Suv gazli	litr	4000.00
\.


--
-- Data for Name: inventory_movements; Type: TABLE DATA; Schema: public; Owner: postgres
--

COPY public.inventory_movements (id, branch_id, ingredient_id, qty, movement_type, created_at, to_branch_id) FROM stdin;
82069964-3ab4-409d-b944-75a16c683154	316eed6f-6c55-40b4-9932-00dfeb33c629	11111111-1111-1111-1111-111111111111	100	IN	2025-09-07 06:20:07.328677	\N
9e93ac88-6d00-40ae-8360-4d6a99cb72ce	316eed6f-6c55-40b4-9932-00dfeb33c629	22222222-2222-2222-2222-222222222222	50	IN	2025-09-07 06:20:07.328677	\N
68989096-19f2-4570-a9ec-6cd2d88e4ac7	316eed6f-6c55-40b4-9932-00dfeb33c629	33333333-3333-3333-3333-333333333333	80	IN	2025-09-07 06:20:07.328677	\N
23d36acd-59c3-4561-ab5d-6347c1444076	316eed6f-6c55-40b4-9932-00dfeb33c629	44444444-4444-4444-4444-444444444444	40	IN	2025-09-07 06:20:07.328677	\N
a2439cac-0fec-4744-903b-00b4b890985e	316eed6f-6c55-40b4-9932-00dfeb33c629	55555555-5555-5555-5555-555555555555	200	IN	2025-09-07 06:20:07.328677	\N
7a6e7445-bfbd-492a-90ba-d4c952450093	316eed6f-6c55-40b4-9932-00dfeb33c629	66666666-6666-6666-6666-666666666666	60	IN	2025-09-07 06:20:07.328677	\N
9b05600a-280a-45d7-bfab-c22d9ec6b9b0	316eed6f-6c55-40b4-9932-00dfeb33c629	77777777-7777-7777-7777-777777777777	70	IN	2025-09-07 06:20:07.328677	\N
77d7bc48-7fef-49cd-9804-37a2d6dc7442	316eed6f-6c55-40b4-9932-00dfeb33c629	88888888-8888-8888-8888-888888888888	90	IN	2025-09-07 06:20:07.328677	\N
b9ff72a3-63c2-4bd7-843f-142c2f5ef521	316eed6f-6c55-40b4-9932-00dfeb33c629	99999999-9999-9999-9999-999999999999	120	IN	2025-09-07 06:20:07.328677	\N
7ce38e77-7399-4517-bc96-085def664a5a	316eed6f-6c55-40b4-9932-00dfeb33c629	aaaaaaaa-aaaa-aaaa-aaaa-aaaaaaaaaaaa	50	IN	2025-09-07 06:20:07.328677	\N
eacdea87-ec18-4db1-ac65-e91d81d9bf7f	316eed6f-6c55-40b4-9932-00dfeb33c629	bbbbbbbb-bbbb-bbbb-bbbb-bbbbbbbb0001	30	IN	2025-09-07 06:20:07.328677	\N
4586dfb6-f90d-454b-b97e-838ce1a6e8e0	316eed6f-6c55-40b4-9932-00dfeb33c629	bbbbbbbb-bbbb-bbbb-bbbb-bbbbbbbb0002	10	IN	2025-09-07 06:20:07.328677	\N
47cb6d6d-6b98-4a18-bb6f-198dce332c45	316eed6f-6c55-40b4-9932-00dfeb33c629	bbbbbbbb-bbbb-bbbb-bbbb-bbbbbbbb0003	40	IN	2025-09-07 06:20:07.328677	\N
c4e50155-3ad9-47d6-a259-f932d5b89a33	316eed6f-6c55-40b4-9932-00dfeb33c629	bbbbbbbb-bbbb-bbbb-bbbb-bbbbbbbb0004	20	IN	2025-09-07 06:20:07.328677	\N
0b1ca35f-84ab-4f27-b27d-26d227823ec1	316eed6f-6c55-40b4-9932-00dfeb33c629	bbbbbbbb-bbbb-bbbb-bbbb-bbbbbbbb0005	20	IN	2025-09-07 06:20:07.328677	\N
b7e7e52a-781a-45c8-8d4b-0c4798a16416	316eed6f-6c55-40b4-9932-00dfeb33c629	bbbbbbbb-bbbb-bbbb-bbbb-bbbbbbbb0006	300	IN	2025-09-07 06:20:07.328677	\N
353251b1-c835-41bf-9504-64c4d3f8a049	316eed6f-6c55-40b4-9932-00dfeb33c629	bbbbbbbb-bbbb-bbbb-bbbb-bbbbbbbb0007	15	IN	2025-09-07 06:20:07.328677	\N
99a0eca6-b775-4091-849d-11fa4f3bb0ea	316eed6f-6c55-40b4-9932-00dfeb33c629	bbbbbbbb-bbbb-bbbb-bbbb-bbbbbbbb0008	40	IN	2025-09-07 06:20:07.328677	\N
7c94fe15-7908-4b55-8d36-05c3b716974e	316eed6f-6c55-40b4-9932-00dfeb33c629	bbbbbbbb-bbbb-bbbb-bbbb-bbbbbbbb0009	100	IN	2025-09-07 06:20:07.328677	\N
f0ebb13a-ab78-45e1-825e-b41ee3dd117c	316eed6f-6c55-40b4-9932-00dfeb33c629	bbbbbbbb-bbbb-bbbb-bbbb-bbbbbbbb0010	100	IN	2025-09-07 06:20:07.328677	\N
5e2d2c8c-056c-4c61-bb1b-a6e17e17ac60	316eed6f-6c55-40b4-9932-00dfeb33c629	66666666-6666-6666-6666-666666666666	0.2	OUT	2025-09-07 06:35:27.8734	\N
bf617b80-ba42-49d0-aa5b-496ac02ba948	316eed6f-6c55-40b4-9932-00dfeb33c629	88888888-8888-8888-8888-888888888888	0.1	OUT	2025-09-07 06:35:27.8734	\N
dd594a9d-a1d8-4b7d-8b23-c763a580dddd	316eed6f-6c55-40b4-9932-00dfeb33c629	77777777-7777-7777-7777-777777777777	0.05	OUT	2025-09-07 06:35:27.8734	\N
d72d6bf7-523e-4b72-b575-aff7d4d17851	316eed6f-6c55-40b4-9932-00dfeb33c629	aaaaaaaa-aaaa-aaaa-aaaa-aaaaaaaaaaaa	0.05	OUT	2025-09-07 06:35:27.8734	\N
7732c817-a57b-42c8-baef-a63c05039f0f	316eed6f-6c55-40b4-9932-00dfeb33c629	11111111-1111-1111-1111-111111111111	0.3	OUT	2025-09-07 06:35:59.280503	\N
d460cb95-f34b-4d96-9cc0-753b3ead9a24	316eed6f-6c55-40b4-9932-00dfeb33c629	22222222-2222-2222-2222-222222222222	0.2	OUT	2025-09-07 06:35:59.280503	\N
c118c29a-a048-45aa-9a5a-05385824a530	316eed6f-6c55-40b4-9932-00dfeb33c629	44444444-4444-4444-4444-444444444444	0.2	OUT	2025-09-07 06:35:59.280503	\N
47669cb8-131a-455a-994b-f3e281111056	316eed6f-6c55-40b4-9932-00dfeb33c629	11111111-1111-1111-1111-111111111111	0.3	OUT	2025-09-07 06:41:59.963322	\N
29d1a39c-bd3e-408e-8606-39c3ab0faf21	316eed6f-6c55-40b4-9932-00dfeb33c629	22222222-2222-2222-2222-222222222222	0.2	OUT	2025-09-07 06:41:59.963322	\N
23f45d08-72df-4519-9367-ceb2f96f98b6	316eed6f-6c55-40b4-9932-00dfeb33c629	33333333-3333-3333-3333-333333333333	0.2	OUT	2025-09-07 06:41:59.963322	\N
75d5bdae-db49-4980-aaee-ff0972fac663	316eed6f-6c55-40b4-9932-00dfeb33c629	55555555-5555-5555-5555-555555555555	1	OUT	2025-09-07 06:45:25.15987	\N
8d1a5fa8-de8c-4ed1-b4ac-69d4be38b8ad	316eed6f-6c55-40b4-9932-00dfeb33c629	44444444-4444-4444-4444-444444444444	0.15	OUT	2025-09-07 06:45:25.15987	\N
c73c9603-cdee-43e6-9cf9-15eae3bf3f1a	316eed6f-6c55-40b4-9932-00dfeb33c629	11111111-1111-1111-1111-111111111111	0.3	OUT	2025-09-07 06:51:54.290243	\N
001bf4d9-dccd-4341-be99-37df681390ab	316eed6f-6c55-40b4-9932-00dfeb33c629	22222222-2222-2222-2222-222222222222	0.2	OUT	2025-09-07 06:51:54.290243	\N
fc91b774-f72c-4918-801a-8248e39ec6bc	316eed6f-6c55-40b4-9932-00dfeb33c629	33333333-3333-3333-3333-333333333333	0.2	OUT	2025-09-07 06:51:54.290243	\N
a38b9b52-2e94-4879-85e8-d0b25a9cb000	316eed6f-6c55-40b4-9932-00dfeb33c629	66666666-6666-6666-6666-666666666666	0.2	OUT	2025-09-07 07:01:49.751783	\N
f85a2d7e-6525-4bb3-93c8-13d2b593bfa3	316eed6f-6c55-40b4-9932-00dfeb33c629	88888888-8888-8888-8888-888888888888	0.1	OUT	2025-09-07 07:01:49.751783	\N
910b7d98-7ccb-406a-a8f0-78f979fe9ec3	316eed6f-6c55-40b4-9932-00dfeb33c629	77777777-7777-7777-7777-777777777777	0.05	OUT	2025-09-07 07:01:49.751783	\N
e22eea4f-2caa-4426-b823-4dd0f2a2776b	316eed6f-6c55-40b4-9932-00dfeb33c629	aaaaaaaa-aaaa-aaaa-aaaa-aaaaaaaaaaaa	0.05	OUT	2025-09-07 07:01:49.751783	\N
41c3bf89-23d8-4a42-8dd3-1a1b390adc1a	316eed6f-6c55-40b4-9932-00dfeb33c629	66666666-6666-6666-6666-666666666666	0.2	OUT	2025-09-07 07:02:32.105178	\N
650bcf87-aa73-4430-bc65-34013bfd03ca	316eed6f-6c55-40b4-9932-00dfeb33c629	88888888-8888-8888-8888-888888888888	0.1	OUT	2025-09-07 07:02:32.105178	\N
b29ac575-c150-427d-81af-88cdac5101b0	316eed6f-6c55-40b4-9932-00dfeb33c629	77777777-7777-7777-7777-777777777777	0.05	OUT	2025-09-07 07:02:32.105178	\N
0e2ac2a6-bcaf-424f-a26a-43d81d3792d8	316eed6f-6c55-40b4-9932-00dfeb33c629	aaaaaaaa-aaaa-aaaa-aaaa-aaaaaaaaaaaa	0.05	OUT	2025-09-07 07:02:32.105178	\N
56f55dc0-dbd7-462f-a256-8dbf855d53ce	316eed6f-6c55-40b4-9932-00dfeb33c629	66666666-6666-6666-6666-666666666666	0.2	OUT	2025-09-07 07:06:17.542051	\N
9c2e5ec7-c998-4d87-bcf0-d8f3d7292d9a	316eed6f-6c55-40b4-9932-00dfeb33c629	88888888-8888-8888-8888-888888888888	0.1	OUT	2025-09-07 07:06:17.542051	\N
8eddcc87-33d8-4038-ba28-6a71c19c990f	316eed6f-6c55-40b4-9932-00dfeb33c629	77777777-7777-7777-7777-777777777777	0.05	OUT	2025-09-07 07:06:17.542051	\N
9f7e943a-acea-4547-bc2a-808496c7e4e9	316eed6f-6c55-40b4-9932-00dfeb33c629	aaaaaaaa-aaaa-aaaa-aaaa-aaaaaaaaaaaa	0.05	OUT	2025-09-07 07:06:17.542051	\N
3b5ede8b-d4d4-4d59-ae87-90acb50a1eca	316eed6f-6c55-40b4-9932-00dfeb33c629	aaaaaaaa-aaaa-aaaa-aaaa-aaaaaaaaaaaa	0.05	OUT	2025-09-07 07:06:47.163149	\N
9ef3dc8f-8951-410d-aee2-dd6a3551d5e9	316eed6f-6c55-40b4-9932-00dfeb33c629	11111111-1111-1111-1111-111111111111	0.25	OUT	2025-09-07 07:06:47.163149	\N
4c47a5a1-e00e-45a9-8b66-1c430b3b7522	316eed6f-6c55-40b4-9932-00dfeb33c629	22222222-2222-2222-2222-222222222222	0.15	OUT	2025-09-07 07:06:47.163149	\N
b8d060c7-875b-4c03-8d44-9143032c5aec	316eed6f-6c55-40b4-9932-00dfeb33c629	33333333-3333-3333-3333-333333333333	0.2	OUT	2025-09-07 07:06:47.163149	\N
cf14cab5-536d-42fd-80d2-03303b80d6b4	316eed6f-6c55-40b4-9932-00dfeb33c629	bbbbbbbb-bbbb-bbbb-bbbb-bbbbbbbb0001	0.1	OUT	2025-09-07 07:06:47.163149	\N
c9e53f02-a071-49e2-87a7-26aeeb2f4721	316eed6f-6c55-40b4-9932-00dfeb33c629	88888888-8888-8888-8888-888888888888	0.1	OUT	2025-09-07 07:06:47.163149	\N
7e1aab81-5c2b-4719-a818-8f621d9e8fc0	316eed6f-6c55-40b4-9932-00dfeb33c629	11111111-1111-1111-1111-111111111111	0.25	OUT	2025-09-07 07:06:47.163149	\N
57e28526-3159-41bb-a649-7eac084130a6	316eed6f-6c55-40b4-9932-00dfeb33c629	66666666-6666-6666-6666-666666666666	0.15	OUT	2025-09-07 07:06:47.163149	\N
ff1da8bf-3f2e-43d2-9d75-080e445f4aa7	316eed6f-6c55-40b4-9932-00dfeb33c629	77777777-7777-7777-7777-777777777777	0.1	OUT	2025-09-07 07:06:47.163149	\N
d7695738-979b-442c-8408-4441bc459133	316eed6f-6c55-40b4-9932-00dfeb33c629	88888888-8888-8888-8888-888888888888	0.1	OUT	2025-09-07 07:06:47.163149	\N
0439f6a5-f7d0-4f78-b732-ec2a7b81ebce	316eed6f-6c55-40b4-9932-00dfeb33c629	99999999-9999-9999-9999-999999999999	0.15	OUT	2025-09-07 07:06:47.163149	\N
55035346-bf03-45c3-ad39-4ee356d94f8f	316eed6f-6c55-40b4-9932-00dfeb33c629	aaaaaaaa-aaaa-aaaa-aaaa-aaaaaaaaaaaa	0.15000000000000002	OUT	2025-09-07 16:29:51.306528	\N
1b8f077a-b8f0-43cb-92a2-0d0839575a2a	316eed6f-6c55-40b4-9932-00dfeb33c629	55555555-5555-5555-5555-555555555555	1	OUT	2025-09-07 16:29:51.306528	\N
f509c408-f58d-454a-ae6b-8a9437bbfbf4	316eed6f-6c55-40b4-9932-00dfeb33c629	66666666-6666-6666-6666-666666666666	0.2	OUT	2025-09-07 16:29:51.306528	\N
a0431336-2aba-4dbe-8b93-28dcf41f4ccb	316eed6f-6c55-40b4-9932-00dfeb33c629	77777777-7777-7777-7777-777777777777	0.05	OUT	2025-09-07 16:29:51.306528	\N
83aeb447-0caf-41a5-afc8-27a818b9a8fa	316eed6f-6c55-40b4-9932-00dfeb33c629	33333333-3333-3333-3333-333333333333	0.1	OUT	2025-09-07 16:29:51.306528	\N
ea69681f-294e-4359-b8c0-22c885b7d36f	316eed6f-6c55-40b4-9932-00dfeb33c629	66666666-6666-6666-6666-666666666666	0.5	OUT	2025-09-07 16:29:51.306528	\N
40f4cac6-f505-43f1-bb81-b52182cb2794	316eed6f-6c55-40b4-9932-00dfeb33c629	77777777-7777-7777-7777-777777777777	0.1	OUT	2025-09-07 16:29:51.306528	\N
0d089923-7735-402e-873b-f0baf6e51661	316eed6f-6c55-40b4-9932-00dfeb33c629	66666666-6666-6666-6666-666666666666	0.25	OUT	2025-09-07 16:29:59.96731	\N
03f020c8-08a4-4649-b8a8-f6c663cac28f	316eed6f-6c55-40b4-9932-00dfeb33c629	77777777-7777-7777-7777-777777777777	0.05	OUT	2025-09-07 16:29:59.96731	\N
e386643f-18b1-4788-903f-973c47f7a066	316eed6f-6c55-40b4-9932-00dfeb33c629	66666666-6666-6666-6666-666666666666	0.25	OUT	2025-09-07 16:31:21.213718	\N
a6109587-c772-4c14-9f45-3aa048e57b69	316eed6f-6c55-40b4-9932-00dfeb33c629	77777777-7777-7777-7777-777777777777	0.05	OUT	2025-09-07 16:31:21.213718	\N
f418d2c4-e4ef-4f1d-b0de-dbc0fb053380	316eed6f-6c55-40b4-9932-00dfeb33c629	66666666-6666-6666-6666-666666666666	0.25	OUT	2025-09-07 16:31:24.881538	\N
013a96e9-be23-4f0c-b9ad-40cc1424c574	316eed6f-6c55-40b4-9932-00dfeb33c629	77777777-7777-7777-7777-777777777777	0.05	OUT	2025-09-07 16:31:24.881538	\N
a8f9a1f6-f5e8-45f8-b870-8f159f93abc8	316eed6f-6c55-40b4-9932-00dfeb33c629	66666666-6666-6666-6666-666666666666	0.25	OUT	2025-09-07 16:31:41.101515	\N
bf3db8eb-d0bd-47b7-b576-f3e809fb6363	316eed6f-6c55-40b4-9932-00dfeb33c629	77777777-7777-7777-7777-777777777777	0.05	OUT	2025-09-07 16:31:41.101515	\N
241fa97b-e639-492c-94a2-da0eb517e541	316eed6f-6c55-40b4-9932-00dfeb33c629	33333333-3333-3333-3333-333333333333	0.1	OUT	2025-09-07 16:31:41.101515	\N
c5400991-a2a9-4cdb-b61f-5facde1d324b	316eed6f-6c55-40b4-9932-00dfeb33c629	77777777-7777-7777-7777-777777777777	0.05	OUT	2025-09-07 16:31:41.101515	\N
baa7ee56-7196-4f0c-ad72-83de4358a60c	316eed6f-6c55-40b4-9932-00dfeb33c629	aaaaaaaa-aaaa-aaaa-aaaa-aaaaaaaaaaaa	0.05	OUT	2025-09-07 16:31:41.101515	\N
6d9217ee-8bbc-43b6-8aa2-d95e1c2dce83	316eed6f-6c55-40b4-9932-00dfeb33c629	55555555-5555-5555-5555-555555555555	1	OUT	2025-09-07 16:31:41.101515	\N
0291be0d-8f10-4d30-afe9-4677f1c2bf2b	316eed6f-6c55-40b4-9932-00dfeb33c629	66666666-6666-6666-6666-666666666666	0.15	OUT	2025-09-07 16:31:41.101515	\N
81729587-92ed-4e4c-8736-aa3bcad80ea2	316eed6f-6c55-40b4-9932-00dfeb33c629	77777777-7777-7777-7777-777777777777	0.05	OUT	2025-09-07 16:31:41.101515	\N
77879b2d-236c-4fe8-a62b-e9fd58b73219	316eed6f-6c55-40b4-9932-00dfeb33c629	11111111-1111-1111-1111-111111111111	0.3	OUT	2025-09-07 16:31:41.101515	\N
fe434579-ae15-4e55-b31d-118fb743ec4b	316eed6f-6c55-40b4-9932-00dfeb33c629	22222222-2222-2222-2222-222222222222	0.2	OUT	2025-09-07 16:31:41.101515	\N
8f44d013-fda1-4edc-94aa-1e7b0b7e8490	316eed6f-6c55-40b4-9932-00dfeb33c629	33333333-3333-3333-3333-333333333333	0.2	OUT	2025-09-07 16:31:41.101515	\N
a454ce87-3e15-4d95-bc33-1ca0d1c2aa89	316eed6f-6c55-40b4-9932-00dfeb33c629	77777777-7777-7777-7777-777777777777	0.01	OUT	2025-09-07 16:31:41.101515	\N
ae327e14-33e2-4283-a5ee-b01a65dc93b0	316eed6f-6c55-40b4-9932-00dfeb33c629	55555555-5555-5555-5555-555555555555	1	OUT	2025-09-07 16:32:15.606638	\N
a5927046-3f47-45bb-84dc-41821c771311	316eed6f-6c55-40b4-9932-00dfeb33c629	66666666-6666-6666-6666-666666666666	0.15	OUT	2025-09-07 16:32:15.606638	\N
d7016224-e92f-4417-a213-6419e76caf98	316eed6f-6c55-40b4-9932-00dfeb33c629	77777777-7777-7777-7777-777777777777	0.05	OUT	2025-09-07 16:32:15.606638	\N
8c687eaa-634f-4799-94e5-2cd6b36c22b9	316eed6f-6c55-40b4-9932-00dfeb33c629	55555555-5555-5555-5555-555555555555	1	OUT	2025-09-07 16:32:15.606638	\N
a7ab14a7-8002-41fe-b7ac-240ccf3558cb	316eed6f-6c55-40b4-9932-00dfeb33c629	44444444-4444-4444-4444-444444444444	0.15	OUT	2025-09-07 16:32:15.606638	\N
e7bb9d72-1174-49ce-9ebd-6192e6252f70	316eed6f-6c55-40b4-9932-00dfeb33c629	11111111-1111-1111-1111-111111111111	0.3	OUT	2025-09-07 16:32:15.606638	\N
4c34db65-78ac-40c0-85ef-4db4e24ccd9e	316eed6f-6c55-40b4-9932-00dfeb33c629	22222222-2222-2222-2222-222222222222	0.2	OUT	2025-09-07 16:32:15.606638	\N
7719eed3-3ef3-4031-894e-2619ca718f6b	316eed6f-6c55-40b4-9932-00dfeb33c629	33333333-3333-3333-3333-333333333333	0.2	OUT	2025-09-07 16:32:15.606638	\N
085a01d3-b82d-4045-b3dd-e5e7c1e3d616	316eed6f-6c55-40b4-9932-00dfeb33c629	11111111-1111-1111-1111-111111111111	0.3	OUT	2025-09-07 16:32:15.606638	\N
c9d513a1-f5a2-4488-bf59-d1558f936967	316eed6f-6c55-40b4-9932-00dfeb33c629	22222222-2222-2222-2222-222222222222	0.2	OUT	2025-09-07 16:32:15.606638	\N
b859c975-9a7e-4154-8395-2c0f7723e54a	316eed6f-6c55-40b4-9932-00dfeb33c629	44444444-4444-4444-4444-444444444444	0.2	OUT	2025-09-07 16:32:15.606638	\N
f6a1d9b2-2abc-4b93-8ec1-011647c1a473	316eed6f-6c55-40b4-9932-00dfeb33c629	99999999-9999-9999-9999-999999999999	0.1	OUT	2025-09-07 16:32:15.606638	\N
5514b6d5-c0b9-4d43-88a7-45b766f094ed	316eed6f-6c55-40b4-9932-00dfeb33c629	bbbbbbbb-bbbb-bbbb-bbbb-bbbbbbbb0009	0.2	OUT	2025-09-07 16:32:15.606638	\N
e4d28974-82ba-4f6d-8e7e-5b08754f5f08	316eed6f-6c55-40b4-9932-00dfeb33c629	33333333-3333-3333-3333-333333333333	0.05	OUT	2025-09-07 16:32:15.606638	\N
edffccac-eb7a-426a-8cf8-22f4125af52e	316eed6f-6c55-40b4-9932-00dfeb33c629	11111111-1111-1111-1111-111111111111	0.3	OUT	2025-09-07 16:32:15.606638	\N
8ef6decc-5422-40f2-9a63-6e69915ea3ca	316eed6f-6c55-40b4-9932-00dfeb33c629	66666666-6666-6666-6666-666666666666	0.2	OUT	2025-09-07 16:32:15.606638	\N
626da08e-f33e-4f6b-b6f7-d9e84cd966c1	316eed6f-6c55-40b4-9932-00dfeb33c629	77777777-7777-7777-7777-777777777777	0.1	OUT	2025-09-07 16:32:15.606638	\N
ef90ea83-601b-4465-ba38-3ea3f690be15	316eed6f-6c55-40b4-9932-00dfeb33c629	aaaaaaaa-aaaa-aaaa-aaaa-aaaaaaaaaaaa	0.1	OUT	2025-09-07 16:32:15.606638	\N
1c856611-8826-4e8f-92c5-9aa493ae8d3b	316eed6f-6c55-40b4-9932-00dfeb33c629	66666666-6666-6666-6666-666666666666	0.2	OUT	2025-09-07 16:32:15.606638	\N
7a53a6e9-82e0-425b-8d22-0dbc183e56f7	316eed6f-6c55-40b4-9932-00dfeb33c629	88888888-8888-8888-8888-888888888888	0.1	OUT	2025-09-07 16:32:15.606638	\N
cc53360d-70d2-44c7-a2aa-02f7c88ccaf4	316eed6f-6c55-40b4-9932-00dfeb33c629	77777777-7777-7777-7777-777777777777	0.05	OUT	2025-09-07 16:32:15.606638	\N
8bbaf876-7854-40a6-acd5-5bf431b6f8ae	316eed6f-6c55-40b4-9932-00dfeb33c629	aaaaaaaa-aaaa-aaaa-aaaa-aaaaaaaaaaaa	0.05	OUT	2025-09-07 16:32:15.606638	\N
ed63b7a9-effd-4017-a74a-c3e923b4abab	316eed6f-6c55-40b4-9932-00dfeb33c629	11111111-1111-1111-1111-111111111111	0.3	OUT	2025-09-07 16:32:40.908191	\N
ad623289-1dfd-4970-9218-addc10930686	316eed6f-6c55-40b4-9932-00dfeb33c629	22222222-2222-2222-2222-222222222222	0.2	OUT	2025-09-07 16:32:40.908191	\N
d729de00-6140-432d-b47b-75ed725975b7	316eed6f-6c55-40b4-9932-00dfeb33c629	33333333-3333-3333-3333-333333333333	0.2	OUT	2025-09-07 16:32:40.908191	\N
8d919beb-8c0e-456f-b3f3-7c38af4e08eb	316eed6f-6c55-40b4-9932-00dfeb33c629	55555555-5555-5555-5555-555555555555	1	OUT	2025-09-07 16:32:40.908191	\N
64d4cd49-8a65-4e7c-976f-9e9b91992734	316eed6f-6c55-40b4-9932-00dfeb33c629	44444444-4444-4444-4444-444444444444	0.15	OUT	2025-09-07 16:32:40.908191	\N
f91e04ca-f8fc-4061-a8ae-22a17ffdd6ef	316eed6f-6c55-40b4-9932-00dfeb33c629	11111111-1111-1111-1111-111111111111	0.3	OUT	2025-09-07 16:32:40.908191	\N
90855338-39eb-49b9-99bc-025a63cda408	316eed6f-6c55-40b4-9932-00dfeb33c629	22222222-2222-2222-2222-222222222222	0.2	OUT	2025-09-07 16:32:40.908191	\N
2a25e12e-5e26-41db-ade9-b578e6ba6a64	316eed6f-6c55-40b4-9932-00dfeb33c629	44444444-4444-4444-4444-444444444444	0.2	OUT	2025-09-07 16:32:40.908191	\N
0900a209-0add-4d09-ba52-eb0c5ef151a5	316eed6f-6c55-40b4-9932-00dfeb33c629	55555555-5555-5555-5555-555555555555	1	OUT	2025-09-07 16:32:40.908191	\N
624ef422-4aac-470a-b40d-7195d14435a5	316eed6f-6c55-40b4-9932-00dfeb33c629	66666666-6666-6666-6666-666666666666	0.15	OUT	2025-09-07 16:32:40.908191	\N
b4c73675-c23f-423e-abbd-601f8fcb4b30	316eed6f-6c55-40b4-9932-00dfeb33c629	77777777-7777-7777-7777-777777777777	0.05	OUT	2025-09-07 16:32:40.908191	\N
b0690aca-dc05-413f-88da-c8535a0a187f	316eed6f-6c55-40b4-9932-00dfeb33c629	66666666-6666-6666-6666-666666666666	0.1	OUT	2025-09-07 16:32:40.908191	\N
3c9aa2a9-8164-41b7-b8e5-159d9ca661b7	316eed6f-6c55-40b4-9932-00dfeb33c629	88888888-8888-8888-8888-888888888888	0.1	OUT	2025-09-07 16:32:40.908191	\N
ef629771-e04e-4bb9-ba12-e96a7733d24f	316eed6f-6c55-40b4-9932-00dfeb33c629	77777777-7777-7777-7777-777777777777	0.05	OUT	2025-09-07 16:32:40.908191	\N
97c62da3-237d-4ec2-9479-b4c37b77cf96	316eed6f-6c55-40b4-9932-00dfeb33c629	33333333-3333-3333-3333-333333333333	0.1	OUT	2025-09-07 16:32:40.908191	\N
c844091d-21dc-4af4-9e51-046fbe26ea4f	316eed6f-6c55-40b4-9932-00dfeb33c629	77777777-7777-7777-7777-777777777777	0.05	OUT	2025-09-07 16:32:40.908191	\N
8b99ce92-e3f5-4ba4-9364-fc5007d19c4d	316eed6f-6c55-40b4-9932-00dfeb33c629	99999999-9999-9999-9999-999999999999	0.2	OUT	2025-09-07 16:32:40.908191	\N
b7a9c5ca-05b9-41f4-a165-2773ee9bc80c	316eed6f-6c55-40b4-9932-00dfeb33c629	aaaaaaaa-aaaa-aaaa-aaaa-aaaaaaaaaaaa	0.05	OUT	2025-09-07 16:32:40.908191	\N
e8265ac0-85dc-4ecf-9746-77c1c7664b99	316eed6f-6c55-40b4-9932-00dfeb33c629	11111111-1111-1111-1111-111111111111	0.15	OUT	2025-09-07 16:47:05.77499	\N
18d5ac34-6625-4e09-adc5-e527f570b30a	316eed6f-6c55-40b4-9932-00dfeb33c629	66666666-6666-6666-6666-666666666666	0.1	OUT	2025-09-07 16:47:05.77499	\N
70ec779c-10da-48db-9bca-22d4985a3328	316eed6f-6c55-40b4-9932-00dfeb33c629	77777777-7777-7777-7777-777777777777	0.05	OUT	2025-09-07 16:47:05.77499	\N
f73318bd-94ce-4f90-92b3-b9339e75f677	316eed6f-6c55-40b4-9932-00dfeb33c629	aaaaaaaa-aaaa-aaaa-aaaa-aaaaaaaaaaaa	0.05	OUT	2025-09-07 16:47:05.77499	\N
2a13184f-ab8a-4a63-8e05-bf265c8279ce	316eed6f-6c55-40b4-9932-00dfeb33c629	11111111-1111-1111-1111-111111111111	0.3	OUT	2025-09-07 16:47:14.37258	\N
9619330c-141f-49c1-893c-03b313ecc811	316eed6f-6c55-40b4-9932-00dfeb33c629	22222222-2222-2222-2222-222222222222	0.2	OUT	2025-09-07 16:47:14.37258	\N
03ceefe8-0f15-4ac0-bff4-ea33bbc478c6	316eed6f-6c55-40b4-9932-00dfeb33c629	33333333-3333-3333-3333-333333333333	0.2	OUT	2025-09-07 16:47:14.37258	\N
b1009d7c-3fb6-46be-becd-a45328325772	316eed6f-6c55-40b4-9932-00dfeb33c629	66666666-6666-6666-6666-666666666666	0.2	OUT	2025-09-07 16:47:26.934277	\N
e9276933-431c-4d06-bbeb-743171de89eb	316eed6f-6c55-40b4-9932-00dfeb33c629	88888888-8888-8888-8888-888888888888	0.1	OUT	2025-09-07 16:47:26.934277	\N
baf5e5df-ffc7-4c8e-b9da-df1e71979c57	316eed6f-6c55-40b4-9932-00dfeb33c629	77777777-7777-7777-7777-777777777777	0.05	OUT	2025-09-07 16:47:26.934277	\N
79d0e1b3-880c-4fc1-98f1-a34684579fcd	316eed6f-6c55-40b4-9932-00dfeb33c629	aaaaaaaa-aaaa-aaaa-aaaa-aaaaaaaaaaaa	0.05	OUT	2025-09-07 16:47:26.934277	\N
07c2491b-3695-44d7-b32e-9e96ed2770af	316eed6f-6c55-40b4-9932-00dfeb33c629	66666666-6666-6666-6666-666666666666	20	OUT	2025-09-07 16:49:10.620735	\N
86f3397d-5628-4d8d-ad68-36e1472a1680	316eed6f-6c55-40b4-9932-00dfeb33c629	88888888-8888-8888-8888-888888888888	10	OUT	2025-09-07 16:49:10.620735	\N
74d5d0e8-797f-41e6-bbfc-778e318e6359	316eed6f-6c55-40b4-9932-00dfeb33c629	77777777-7777-7777-7777-777777777777	5	OUT	2025-09-07 16:49:10.620735	\N
e92e7d2b-c00a-4039-8c54-4e58e3ff32df	316eed6f-6c55-40b4-9932-00dfeb33c629	aaaaaaaa-aaaa-aaaa-aaaa-aaaaaaaaaaaa	5	OUT	2025-09-07 16:49:10.620735	\N
6226db69-648e-47fb-83c1-9c6b0d9125ab	316eed6f-6c55-40b4-9932-00dfeb33c629	66666666-6666-6666-6666-666666666666	20	OUT	2025-09-07 16:49:35.854859	\N
891b9d99-0e02-4a97-aea9-f3c6f81e54df	316eed6f-6c55-40b4-9932-00dfeb33c629	88888888-8888-8888-8888-888888888888	10	OUT	2025-09-07 16:49:35.854859	\N
39d791da-dbbc-4f86-83e1-5cdf91768d43	316eed6f-6c55-40b4-9932-00dfeb33c629	77777777-7777-7777-7777-777777777777	5	OUT	2025-09-07 16:49:35.854859	\N
f0390c00-4aeb-4bc9-b1b8-d37d59bfb15e	316eed6f-6c55-40b4-9932-00dfeb33c629	aaaaaaaa-aaaa-aaaa-aaaa-aaaaaaaaaaaa	5	OUT	2025-09-07 16:49:35.854859	\N
\.


--
-- Data for Name: products; Type: TABLE DATA; Schema: public; Owner: postgres
--

COPY public.products (id, name, sku, sale_price) FROM stdin;
bbbbbbbb-bbbb-bbbb-bbbb-bbbbbbbbb001	Pizza Margarita	PZ001	96000.00
bbbbbbbb-bbbb-bbbb-bbbb-bbbbbbbbb002	Pizza Pepperoni	PZ002	110000.00
bbbbbbbb-bbbb-bbbb-bbbb-bbbbbbbbb003	Hot Dog	HD001	48000.00
bbbbbbbb-bbbb-bbbb-bbbb-bbbbbbbbb004	Burger	BG001	65000.00
bbbbbbbb-bbbb-bbbb-bbbb-bbbbbbbbb005	Sho‘rva	SV001	30000.00
bbbbbbbb-bbbb-bbbb-bbbb-bbbbbbbbb006	Osh	PL001	72000.00
bbbbbbbb-bbbb-bbbb-bbbb-bbbbbbbbb007	Sabzavot salati	SL001	20000.00
bbbbbbbb-bbbb-bbbb-bbbb-bbbbbbbbb008	Kartoshka fri	FR001	15000.00
bbbbbbbb-bbbb-bbbb-bbbb-bbbbbbbbb009	Cola 1L	CL001	35000.00
bbbbbbbb-bbbb-bbbb-bbbb-bbbbbbbbb010	Choy	TE001	5000.00
bbbbbbbb-bbbb-bbbb-bbbb-bbbbbbbbb011	Pizza Quattro Formaggi	PZ003	125000.00
bbbbbbbb-bbbb-bbbb-bbbb-bbbbbbbbb012	Pizza Vegetariana	PZ004	105000.00
bbbbbbbb-bbbb-bbbb-bbbb-bbbbbbbbb013	Lavash	LV001	40000.00
bbbbbbbb-bbbb-bbbb-bbbb-bbbbbbbbb014	Donar	DN001	45000.00
bbbbbbbb-bbbb-bbbb-bbbb-bbbbbbbbb015	Lag‘mon	LG001	38000.00
bbbbbbbb-bbbb-bbbb-bbbb-bbbbbbbbb016	Somsa	SM001	12000.00
bbbbbbbb-bbbb-bbbb-bbbb-bbbbbbbbb017	Shashlik	SH001	25000.00
bbbbbbbb-bbbb-bbbb-bbbb-bbbbbbbbb018	Kompot	KP001	8000.00
bbbbbbbb-bbbb-bbbb-bbbb-bbbbbbbbb019	Pepsi 1L	PS001	32000.00
bbbbbbbb-bbbb-bbbb-bbbb-bbbbbbbbb020	Fanta 1L	FT001	32000.00
\.


--
-- Data for Name: product_ingredients; Type: TABLE DATA; Schema: public; Owner: postgres
--

COPY public.product_ingredients (product_id, ingredient_id, qty) FROM stdin;
bbbbbbbb-bbbb-bbbb-bbbb-bbbbbbbbb001	11111111-1111-1111-1111-111111111111	0.3
bbbbbbbb-bbbb-bbbb-bbbb-bbbbbbbbb001	22222222-2222-2222-2222-222222222222	0.2
bbbbbbbb-bbbb-bbbb-bbbb-bbbbbbbbb001	33333333-3333-3333-3333-333333333333	0.2
bbbbbbbb-bbbb-bbbb-bbbb-bbbbbbbbb002	11111111-1111-1111-1111-111111111111	0.3
bbbbbbbb-bbbb-bbbb-bbbb-bbbbbbbbb002	22222222-2222-2222-2222-222222222222	0.2
bbbbbbbb-bbbb-bbbb-bbbb-bbbbbbbbb002	44444444-4444-4444-4444-444444444444	0.2
bbbbbbbb-bbbb-bbbb-bbbb-bbbbbbbbb003	55555555-5555-5555-5555-555555555555	1
bbbbbbbb-bbbb-bbbb-bbbb-bbbbbbbbb003	44444444-4444-4444-4444-444444444444	0.15
bbbbbbbb-bbbb-bbbb-bbbb-bbbbbbbbb004	55555555-5555-5555-5555-555555555555	1
bbbbbbbb-bbbb-bbbb-bbbb-bbbbbbbbb004	66666666-6666-6666-6666-666666666666	0.15
bbbbbbbb-bbbb-bbbb-bbbb-bbbbbbbbb004	77777777-7777-7777-7777-777777777777	0.05
bbbbbbbb-bbbb-bbbb-bbbb-bbbbbbbbb005	66666666-6666-6666-6666-666666666666	0.1
bbbbbbbb-bbbb-bbbb-bbbb-bbbbbbbbb005	88888888-8888-8888-8888-888888888888	0.1
bbbbbbbb-bbbb-bbbb-bbbb-bbbbbbbbb005	77777777-7777-7777-7777-777777777777	0.05
bbbbbbbb-bbbb-bbbb-bbbb-bbbbbbbbb006	66666666-6666-6666-6666-666666666666	0.2
bbbbbbbb-bbbb-bbbb-bbbb-bbbbbbbbb006	88888888-8888-8888-8888-888888888888	0.1
bbbbbbbb-bbbb-bbbb-bbbb-bbbbbbbbb006	77777777-7777-7777-7777-777777777777	0.05
bbbbbbbb-bbbb-bbbb-bbbb-bbbbbbbbb006	aaaaaaaa-aaaa-aaaa-aaaa-aaaaaaaaaaaa	0.05
bbbbbbbb-bbbb-bbbb-bbbb-bbbbbbbbb007	33333333-3333-3333-3333-333333333333	0.1
bbbbbbbb-bbbb-bbbb-bbbb-bbbbbbbbb007	77777777-7777-7777-7777-777777777777	0.05
bbbbbbbb-bbbb-bbbb-bbbb-bbbbbbbbb008	99999999-9999-9999-9999-999999999999	0.2
bbbbbbbb-bbbb-bbbb-bbbb-bbbbbbbbb008	aaaaaaaa-aaaa-aaaa-aaaa-aaaaaaaaaaaa	0.05
bbbbbbbb-bbbb-bbbb-bbbb-bbbbbbbbb009	aaaaaaaa-aaaa-aaaa-aaaa-aaaaaaaaaaaa	0.05
bbbbbbbb-bbbb-bbbb-bbbb-bbbbbbbbb010	77777777-7777-7777-7777-777777777777	0.01
bbbbbbbb-bbbb-bbbb-bbbb-bbbbbbbbb011	11111111-1111-1111-1111-111111111111	0.25
bbbbbbbb-bbbb-bbbb-bbbb-bbbbbbbbb011	22222222-2222-2222-2222-222222222222	0.30
bbbbbbbb-bbbb-bbbb-bbbb-bbbbbbbbb012	11111111-1111-1111-1111-111111111111	0.25
bbbbbbbb-bbbb-bbbb-bbbb-bbbbbbbbb012	22222222-2222-2222-2222-222222222222	0.15
bbbbbbbb-bbbb-bbbb-bbbb-bbbbbbbbb012	33333333-3333-3333-3333-333333333333	0.20
bbbbbbbb-bbbb-bbbb-bbbb-bbbbbbbbb012	bbbbbbbb-bbbb-bbbb-bbbb-bbbbbbbb0001	0.10
bbbbbbbb-bbbb-bbbb-bbbb-bbbbbbbbb012	88888888-8888-8888-8888-888888888888	0.10
bbbbbbbb-bbbb-bbbb-bbbb-bbbbbbbbb013	11111111-1111-1111-1111-111111111111	0.20
bbbbbbbb-bbbb-bbbb-bbbb-bbbbbbbbb013	66666666-6666-6666-6666-666666666666	0.15
bbbbbbbb-bbbb-bbbb-bbbb-bbbbbbbbb013	33333333-3333-3333-3333-333333333333	0.10
bbbbbbbb-bbbb-bbbb-bbbb-bbbbbbbbb013	77777777-7777-7777-7777-777777777777	0.05
bbbbbbbb-bbbb-bbbb-bbbb-bbbbbbbbb014	55555555-5555-5555-5555-555555555555	1
bbbbbbbb-bbbb-bbbb-bbbb-bbbbbbbbb014	66666666-6666-6666-6666-666666666666	0.20
bbbbbbbb-bbbb-bbbb-bbbb-bbbbbbbbb014	77777777-7777-7777-7777-777777777777	0.05
bbbbbbbb-bbbb-bbbb-bbbb-bbbbbbbbb014	33333333-3333-3333-3333-333333333333	0.10
bbbbbbbb-bbbb-bbbb-bbbb-bbbbbbbbb015	11111111-1111-1111-1111-111111111111	0.25
bbbbbbbb-bbbb-bbbb-bbbb-bbbbbbbbb015	66666666-6666-6666-6666-666666666666	0.15
bbbbbbbb-bbbb-bbbb-bbbb-bbbbbbbbb015	77777777-7777-7777-7777-777777777777	0.10
bbbbbbbb-bbbb-bbbb-bbbb-bbbbbbbbb015	88888888-8888-8888-8888-888888888888	0.10
bbbbbbbb-bbbb-bbbb-bbbb-bbbbbbbbb015	99999999-9999-9999-9999-999999999999	0.15
bbbbbbbb-bbbb-bbbb-bbbb-bbbbbbbbb016	11111111-1111-1111-1111-111111111111	0.15
bbbbbbbb-bbbb-bbbb-bbbb-bbbbbbbbb016	66666666-6666-6666-6666-666666666666	0.10
bbbbbbbb-bbbb-bbbb-bbbb-bbbbbbbbb016	77777777-7777-7777-7777-777777777777	0.05
bbbbbbbb-bbbb-bbbb-bbbb-bbbbbbbbb016	aaaaaaaa-aaaa-aaaa-aaaa-aaaaaaaaaaaa	0.05
bbbbbbbb-bbbb-bbbb-bbbb-bbbbbbbbb017	66666666-6666-6666-6666-666666666666	0.25
bbbbbbbb-bbbb-bbbb-bbbb-bbbbbbbbb017	77777777-7777-7777-7777-777777777777	0.05
bbbbbbbb-bbbb-bbbb-bbbb-bbbbbbbbb018	99999999-9999-9999-9999-999999999999	0.10
bbbbbbbb-bbbb-bbbb-bbbb-bbbbbbbbb018	bbbbbbbb-bbbb-bbbb-bbbb-bbbbbbbb0009	0.20
bbbbbbbb-bbbb-bbbb-bbbb-bbbbbbbbb018	33333333-3333-3333-3333-333333333333	0.05
bbbbbbbb-bbbb-bbbb-bbbb-bbbbbbbbb019	bbbbbbbb-bbbb-bbbb-bbbb-bbbbbbbb0004	1
bbbbbbbb-bbbb-bbbb-bbbb-bbbbbbbbb019	bbbbbbbb-bbbb-bbbb-bbbb-bbbbbbbb0009	1
bbbbbbbb-bbbb-bbbb-bbbb-bbbbbbbbb020	bbbbbbbb-bbbb-bbbb-bbbb-bbbbbbbb0005	1
bbbbbbbb-bbbb-bbbb-bbbb-bbbbbbbbb020	bbbbbbbb-bbbb-bbbb-bbbb-bbbbbbbb0009	1
\.


--
-- Data for Name: stock_levels; Type: TABLE DATA; Schema: public; Owner: postgres
--

COPY public.stock_levels (branch_id, ingredient_id, qty, updated_at) FROM stdin;
316eed6f-6c55-40b4-9932-00dfeb33c629	bbbbbbbb-bbbb-bbbb-bbbb-bbbbbbbb0002	10	2025-09-07 06:20:07.328677
316eed6f-6c55-40b4-9932-00dfeb33c629	bbbbbbbb-bbbb-bbbb-bbbb-bbbbbbbb0003	40	2025-09-07 06:20:07.328677
316eed6f-6c55-40b4-9932-00dfeb33c629	bbbbbbbb-bbbb-bbbb-bbbb-bbbbbbbb0004	20	2025-09-07 06:20:07.328677
316eed6f-6c55-40b4-9932-00dfeb33c629	bbbbbbbb-bbbb-bbbb-bbbb-bbbbbbbb0005	20	2025-09-07 06:20:07.328677
316eed6f-6c55-40b4-9932-00dfeb33c629	bbbbbbbb-bbbb-bbbb-bbbb-bbbbbbbb0006	300	2025-09-07 06:20:07.328677
316eed6f-6c55-40b4-9932-00dfeb33c629	bbbbbbbb-bbbb-bbbb-bbbb-bbbbbbbb0007	15	2025-09-07 06:20:07.328677
316eed6f-6c55-40b4-9932-00dfeb33c629	bbbbbbbb-bbbb-bbbb-bbbb-bbbbbbbb0008	40	2025-09-07 06:20:07.328677
316eed6f-6c55-40b4-9932-00dfeb33c629	bbbbbbbb-bbbb-bbbb-bbbb-bbbbbbbb0010	100	2025-09-07 06:20:07.328677
316eed6f-6c55-40b4-9932-00dfeb33c629	bbbbbbbb-bbbb-bbbb-bbbb-bbbbbbbb0009	99.8	2025-09-07 16:32:15.606638
316eed6f-6c55-40b4-9932-00dfeb33c629	44444444-4444-4444-4444-444444444444	38.95	2025-09-07 16:32:40.908191
316eed6f-6c55-40b4-9932-00dfeb33c629	55555555-5555-5555-5555-555555555555	193	2025-09-07 16:32:40.908191
316eed6f-6c55-40b4-9932-00dfeb33c629	bbbbbbbb-bbbb-bbbb-bbbb-bbbbbbbb0001	29.9	2025-09-07 07:06:47.163149
316eed6f-6c55-40b4-9932-00dfeb33c629	99999999-9999-9999-9999-999999999999	119.55	2025-09-07 16:32:40.908191
316eed6f-6c55-40b4-9932-00dfeb33c629	11111111-1111-1111-1111-111111111111	96.35	2025-09-07 16:47:14.37258
316eed6f-6c55-40b4-9932-00dfeb33c629	22222222-2222-2222-2222-222222222222	48.05	2025-09-07 16:47:14.37258
316eed6f-6c55-40b4-9932-00dfeb33c629	33333333-3333-3333-3333-333333333333	78.25	2025-09-07 16:47:14.37258
316eed6f-6c55-40b4-9932-00dfeb33c629	66666666-6666-6666-6666-666666666666	16.10	2025-09-07 16:49:35.854859
316eed6f-6c55-40b4-9932-00dfeb33c629	88888888-8888-8888-8888-888888888888	69.1	2025-09-07 16:49:35.854859
316eed6f-6c55-40b4-9932-00dfeb33c629	77777777-7777-7777-7777-777777777777	58.79	2025-09-07 16:49:35.854859
316eed6f-6c55-40b4-9932-00dfeb33c629	aaaaaaaa-aaaa-aaaa-aaaa-aaaaaaaaaaaa	39.24999999999999998	2025-09-07 16:49:35.854859
\.


--
-- PostgreSQL database dump complete
--

